,City,Max Temp,Latitude,Longitude,Humidity,Cloudiness,Wind Speed,Date,Converted Date,Country
0,redcliffe,41.0,51.45,-2.59,80,0,10.29,1554944646,2019-04-11,zw
1,inyonga,62.1,-6.72,32.06,91,8,2.37,1554944689,2019-04-11,tz
2,kouroussa,76.68,10.65,-9.88,61,8,1.81,1554944689,2019-04-11,gn
3,ilhabela,73.35,-23.78,-45.36,100,80,10.76,1554944467,2019-04-11,br
4,tashtagol,14.22,52.76,87.85,69,0,2.26,1554944689,2019-04-11,ru
5,ales,55.4,44.13,4.08,62,0,8.05,1554944528,2019-04-11,fr
6,ujhani,72.9,28.0,79.01,69,0,3.04,1554944690,2019-04-11,in
7,meyzieu,51.8,45.78,5.0,81,90,11.41,1554944529,2019-04-11,fr
8,tucupita,83.97,9.06,-62.05,54,24,11.43,1554944690,2019-04-11,ve
9,ubinskoye,19.62,55.31,79.68,67,8,4.38,1554944690,2019-04-11,ru
10,punta umbria,54.0,37.18,-6.97,66,0,7.0,1554944439,2019-04-11,es
11,tonantins,79.92,-2.86,-67.77,83,12,6.62,1554944691,2019-04-11,br
12,ferrol,51.01,43.48,-8.23,100,0,2.24,1554944643,2019-04-11,es
13,alabaster,75.99,33.24,-86.82,46,20,3.38,1554944608,2019-04-11,us
14,biltine,74.25,14.53,20.93,27,0,8.3,1554944691,2019-04-11,td
15,sokolo,76.59,14.74,-6.12,27,0,9.98,1554944691,2019-04-11,ml
16,matagami,69.75,9.67,8.4,90,20,2.59,1554944691,2019-04-11,ca
17,melivoia,55.0,41.33,24.93,93,75,1.59,1554944651,2019-04-11,gr
18,saint-louis,50.0,47.59,7.56,93,90,10.29,1554944643,2019-04-11,sn
19,voyinka,46.62,45.87,33.99,92,0,2.82,1554944693,2019-04-11,ua
20,boca do acre,77.4,-8.76,-67.39,87,0,2.04,1554944693,2019-04-11,br
21,robertson,48.6,-33.8,19.88,86,0,1.92,1554944693,2019-04-11,za
22,mattru,78.39,7.62,-11.83,85,0,5.06,1554944693,2019-04-11,sl
23,brae,41.0,60.4,-1.35,60,48,6.93,1554942000,2019-04-11,gb
24,russkaya polyana,31.77,53.78,73.88,75,20,2.48,1554944694,2019-04-11,ru
25,minas,64.4,-34.38,-55.24,93,0,3.36,1554940800,2019-04-11,uy
26,saint john,33.8,45.28,-66.06,97,90,4.7,1554944360,2019-04-11,ca
27,talnakh,7.83,69.49,88.39,88,56,8.52,1554944695,2019-04-11,ru
28,miram shah,56.34,33.01,70.07,93,56,3.71,1554944695,2019-04-11,pk
29,rudsar,57.2,37.14,50.29,93,90,2.24,1554940800,2019-04-11,ir
30,bloemfontein,55.4,-29.12,26.22,87,12,3.49,1554940800,2019-04-11,za
31,lerici,53.01,44.07,9.91,100,40,3.36,1554944667,2019-04-11,it
32,ferkessedougou,76.95,9.6,-5.2,56,8,7.85,1554944695,2019-04-11,ci
33,ennis,48.2,52.84,-8.98,76,75,9.17,1554942600,2019-04-11,ie
34,wamba,67.5,2.14,27.99,93,20,2.15,1554944696,2019-04-11,cd
35,coatesville,57.0,39.98,-75.82,47,1,9.17,1554944470,2019-04-11,us
36,touba,85.32,14.86,-15.88,27,0,12.77,1554944696,2019-04-11,ci
37,zatoka,44.01,50.04,20.52,60,90,9.17,1554944649,2019-04-11,ua
38,pontal,75.2,-21.02,-48.04,69,0,10.29,1554940800,2019-04-11,br
39,pimenta bueno,76.86,-11.68,-61.19,89,64,3.38,1554944698,2019-04-11,br
40,bay roberts,35.01,47.58,-53.28,90,90,8.05,1554944607,2019-04-11,ca
41,rairangpur,63.45,22.27,86.18,88,0,2.04,1554944698,2019-04-11,in
42,calvinia,47.7,-31.47,19.78,84,0,0.69,1554944698,2019-04-11,za
43,pangody,8.37,65.85,74.49,80,56,10.98,1554944700,2019-04-11,ru
44,clearwater,73.99,27.97,-82.8,83,1,5.82,1554944691,2019-04-11,us
45,pemba,83.34,-12.97,40.52,100,92,15.46,1554944701,2019-04-11,mz
46,sombrio,71.1,-29.11,-49.63,94,56,9.31,1554944701,2019-04-11,br
47,tres arroyos,58.32,-38.38,-60.28,92,92,10.65,1554944701,2019-04-11,ar
48,asyut,60.8,27.18,31.19,55,0,2.37,1554940800,2019-04-11,eg
49,kuchera,69.3,26.99,73.97,62,8,2.71,1554944701,2019-04-11,in
50,carutapera,78.21,-1.2,-46.02,95,48,3.71,1554944575,2019-04-11,br
51,jacobina,71.37,-11.19,-40.51,91,68,2.93,1554944656,2019-04-11,br
52,visnes,39.0,59.36,5.22,80,0,3.36,1554944526,2019-04-11,no
53,louis trichardt,66.51,-23.04,29.91,84,80,4.61,1554944702,2019-04-11,za
54,georgetown,80.6,6.8,-58.16,83,20,11.41,1554940800,2019-04-11,gy
55,hornepayne,25.92,49.22,-84.78,53,0,8.19,1554944703,2019-04-11,ca
56,the valley,79.0,18.22,-63.06,78,20,14.99,1554944470,2019-04-11,ai
57,gallipoli,55.4,40.06,18.0,76,0,10.29,1554944689,2019-04-11,it
58,ladwa,71.46,30.0,77.05,55,88,2.82,1554944704,2019-04-11,in
59,sovetskiy,41.31,56.76,48.47,88,100,10.54,1554944704,2019-04-11,ru
60,maxixe,76.5,-23.86,35.35,95,92,9.64,1554944704,2019-04-11,mz
61,istanbul,54.0,41.01,28.95,93,75,6.93,1554942000,2019-04-11,tr
62,sao paulo de olivenca,80.82,-3.38,-68.87,80,8,3.71,1554944443,2019-04-11,br
63,kilis,46.99,36.72,37.12,87,40,4.16,1554944312,2019-04-11,tr
64,mahdalynivka,51.8,48.92,34.92,93,0,6.71,1554942600,2019-04-11,ua
65,yacuiba,68.85,-22.01,-63.68,97,92,1.36,1554944705,2019-04-11,bo
66,benghazi,65.7,32.12,20.07,87,0,17.69,1554944706,2019-04-11,ly
67,basudebpur,80.46,21.14,86.74,100,0,8.86,1554944706,2019-04-11,in
68,manakara,76.05,-22.14,48.01,97,36,3.15,1554944706,2019-04-11,mg
69,pokhara,47.07,28.21,83.99,74,32,1.81,1554944477,2019-04-11,np
70,contamana,87.21,-7.35,-75.01,60,56,1.92,1554944707,2019-04-11,pe
71,landskrona,37.99,55.87,12.83,69,88,8.05,1554944704,2019-04-11,se
72,rognan,23.0,67.1,15.4,62,0,14.99,1554944641,2019-04-11,no
73,lanivtsi,42.75,49.87,26.08,86,0,9.53,1554944707,2019-04-11,ua
74,gari,31.14,59.43,62.35,85,64,2.37,1554944708,2019-04-11,ru
75,lerwick,41.0,60.15,-1.15,100,44,6.93,1554942000,2019-04-11,gb
76,kuito,63.0,-12.38,16.94,98,92,3.15,1554944708,2019-04-11,ao
77,kirovskiy,45.0,45.09,133.51,51,32,3.15,1554944709,2019-04-11,kz
78,ibra,64.53,22.69,58.55,89,24,2.37,1554944709,2019-04-11,om
79,blagoyevo,33.75,63.37,47.92,94,92,6.62,1554944709,2019-04-11,ru
80,papayal,60.8,-2.43,-79.18,87,75,8.05,1554940800,2019-04-11,pe
81,trinidad,65.52,-33.52,-56.9,65,32,4.16,1554944450,2019-04-11,bo
82,punta alta,78.8,-27.46,-55.82,74,40,3.36,1554940800,2019-04-11,ar
83,angermunde,42.01,53.02,14.0,71,0,9.19,1554944703,2019-04-11,de
84,marhaura,73.4,25.97,84.87,83,0,4.7,1554942600,2019-04-11,in
85,valday,25.29,57.98,33.25,83,20,5.5,1554944711,2019-04-11,ru
86,mapiripan,79.2,2.89,-72.13,86,8,2.26,1554944711,2019-04-11,co
87,lamtah,57.99,35.67,10.88,93,20,7.74,1554942600,2019-04-11,tn
88,snasa,6.21,64.25,12.38,62,0,2.26,1554944711,2019-04-11,no
89,surt,62.37,31.21,16.59,67,12,12.1,1554944711,2019-04-11,ly
90,sawakin,67.68,19.1,37.33,100,0,4.5,1554944713,2019-04-11,sd
91,novyy urengoy,5.49,66.08,76.63,75,48,8.19,1554944713,2019-04-11,ru
92,lebyazhye,30.99,59.96,29.42,92,90,4.47,1554944436,2019-04-11,ru
93,kindu,71.28,-2.95,25.92,96,68,2.15,1554944713,2019-04-11,cd
94,kastamonu,34.83,41.38,33.78,89,32,3.49,1554944713,2019-04-11,tr
95,banepa,59.0,27.63,85.52,93,75,3.36,1554943800,2019-04-11,np
96,kolarovo,25.0,56.34,84.94,73,0,4.47,1554944425,2019-04-11,sk
97,ler,26.6,63.2,10.3,62,0,8.05,1554944702,2019-04-11,sd
98,jucurutu,74.25,-6.03,-37.02,92,88,3.15,1554944714,2019-04-11,br
99,falmouth,51.01,50.16,-5.07,87,48,4.7,1554944276,2019-04-11,gb
100,talara,77.31,-4.58,-81.27,57,0,8.63,1554944427,2019-04-11,pe
101,zvishavane,64.26,-20.32,30.05,94,92,6.4,1554944715,2019-04-11,zw
102,stokmarknes,24.01,68.56,14.91,75,0,1.99,1554944494,2019-04-11,no
103,dubai,78.8,25.27,55.3,57,0,3.36,1554940800,2019-04-11,ae
104,bell ville,71.19,-32.63,-62.69,58,0,10.54,1554944716,2019-04-11,ar
105,rutigliano,57.0,41.01,17.01,71,0,6.93,1554944625,2019-04-11,it
106,belmonte,46.0,40.36,-7.35,90,0,1.01,1554944617,2019-04-11,br
107,owando,75.51,-0.49,15.91,95,56,2.37,1554944716,2019-04-11,cg
108,bitkine,75.42,11.98,18.21,48,8,3.83,1554944716,2019-04-11,td
109,antigonish,30.0,45.62,-61.99,79,90,8.05,1554944586,2019-04-11,ca
110,houma,45.27,35.63,111.36,84,0,2.15,1554944717,2019-04-11,us
111,syracuse,37.4,43.05,-76.15,57,1,3.83,1554944716,2019-04-11,it
112,stilling,36.0,56.06,9.99,80,80,2.24,1554944533,2019-04-11,dk
113,iranshahr,75.2,27.21,60.69,41,0,4.7,1554940800,2019-04-11,ir
114,riohacha,80.6,11.54,-72.91,83,20,11.41,1554940800,2019-04-11,co
115,nadym,0.09,65.53,72.51,65,0,7.74,1554944718,2019-04-11,ru
116,quelimane,76.59,-17.88,36.89,82,32,5.61,1554944718,2019-04-11,mz
117,caibarien,71.6,22.52,-79.47,88,75,1.12,1554940200,2019-04-11,cu
118,marienburg,39.99,52.12,9.98,74,0,9.17,1554944717,2019-04-11,sr
119,joao pinheiro,70.83,-17.74,-46.17,89,64,6.17,1554944719,2019-04-11,br
120,sambava,80.55,-14.27,50.17,100,24,13.78,1554944719,2019-04-11,mg
121,port-cartier,39.2,50.03,-66.88,44,75,13.87,1554940800,2019-04-11,ca
122,purpe,1.99,64.48,76.69,84,8,6.96,1554944645,2019-04-11,ru
123,poopo,53.64,-18.38,-66.97,72,76,3.04,1554944720,2019-04-11,bo
124,tallahassee,77.0,30.44,-84.28,78,40,5.39,1554944542,2019-04-11,us
125,jacmel,80.01,18.24,-72.54,66,0,11.43,1554944416,2019-04-11,ht
126,awjilah,58.14,29.14,21.3,52,0,3.49,1554944720,2019-04-11,ly
127,araxa,62.82,-19.59,-46.94,88,8,4.38,1554944720,2019-04-11,br
128,rusape,58.59,-18.53,32.12,89,24,5.17,1554944721,2019-04-11,zw
129,yendi,74.79,9.45,0.0,93,88,5.39,1554944721,2019-04-11,gh
130,chingirlau,46.17,51.09,54.08,58,0,8.97,1554944721,2019-04-11,kz
131,qandala,68.4,11.47,49.87,100,0,3.04,1554944721,2019-04-11,so
132,bayir,52.0,37.27,28.22,100,75,2.15,1554942000,2019-04-11,jo
133,nayagarh,69.21,20.13,85.1,91,0,2.93,1554944721,2019-04-11,in
134,ingraj bazar,69.39,25.0,88.15,91,0,6.06,1554944722,2019-04-11,in
135,riyadh,69.8,24.63,46.72,60,75,5.82,1554940800,2019-04-11,sa
136,moundsville,55.99,39.92,-80.74,43,90,5.82,1554944662,2019-04-11,us
137,awbari,69.93,26.59,12.77,15,76,10.76,1554944722,2019-04-11,ly
138,kremenki,44.6,54.51,48.87,75,32,2.24,1554940800,2019-04-11,ru
139,monrovia,78.8,6.33,-10.8,94,20,6.62,1554940800,2019-04-11,lr
140,haridwar,66.2,29.97,78.17,77,0,3.36,1554942600,2019-04-11,in
141,mul,77.58,20.07,79.68,53,0,9.19,1554944723,2019-04-11,in
142,were ilu,48.06,10.6,39.43,86,0,1.59,1554944724,2019-04-11,et
143,baringo,60.75,0.47,35.97,94,36,0.92,1554944724,2019-04-11,ke
144,phalaborwa,68.0,-23.95,31.14,94,88,5.82,1554940800,2019-04-11,za
145,can,54.0,46.08,11.97,100,92,3.36,1554944710,2019-04-11,tr
146,khandbari,33.3,27.38,87.21,66,12,1.7,1554944724,2019-04-11,np
147,rivera,71.1,-30.9,-55.54,69,20,5.17,1554944725,2019-04-11,uy
148,ikom,77.13,5.96,8.72,86,24,3.38,1554944725,2019-04-11,ng
149,tacna,68.0,-18.01,-70.25,68,0,6.93,1554940800,2019-04-11,pe
150,springbok,47.25,-29.67,17.88,85,0,2.59,1554944725,2019-04-11,za
151,aksarka,-2.43,66.56,67.8,48,0,6.17,1554944725,2019-04-11,ru
152,verkhnyaya sinyachikha,29.7,57.98,61.67,78,64,2.71,1554944725,2019-04-11,ru
153,boffa,75.96,10.18,-14.04,83,0,5.73,1554944726,2019-04-11,gn
154,birin,48.24,35.01,36.67,86,8,5.39,1554944726,2019-04-11,dz
155,port perry,42.8,44.1,-78.95,44,1,9.17,1554944717,2019-04-11,ca
156,lasa,55.4,34.92,32.53,87,75,4.7,1554942600,2019-04-11,cn
157,dejen,57.51,10.16,38.15,93,64,2.04,1554944727,2019-04-11,et
158,brcko,51.8,44.87,18.81,100,40,3.36,1554942600,2019-04-11,ba
159,rakiv lis,43.02,51.62,24.92,59,92,9.98,1554944727,2019-04-11,ua
160,kharan,61.02,28.58,65.42,79,36,2.15,1554944728,2019-04-11,pk
161,athens,78.01,34.8,-86.97,60,1,5.61,1554944466,2019-04-11,us
162,real,90.0,14.67,121.6,55,40,2.24,1554944484,2019-04-11,pt
163,farah,60.39,32.37,62.11,84,92,3.6,1554944729,2019-04-11,af
164,mitrofanovka,45.99,45.45,34.68,96,0,2.26,1554944729,2019-04-11,ru
165,ust-koksa,20.34,50.27,85.62,74,20,2.26,1554944729,2019-04-11,ru
166,calabozo,90.09,8.92,-67.43,35,12,8.41,1554944729,2019-04-11,ve
167,bocicoiu mare,55.4,47.96,24.01,62,12,3.36,1554942600,2019-04-11,ro
168,elk grove village,41.0,42.01,-87.94,80,90,18.34,1554944724,2019-04-11,us
169,la palma,70.83,5.36,-74.39,89,32,2.59,1554944731,2019-04-11,pa
170,methoni,54.0,36.82,21.7,93,0,4.7,1554944442,2019-04-11,gr
171,ribas do rio pardo,73.26,-20.45,-53.76,67,0,5.95,1554944731,2019-04-11,br
172,sur,79.2,22.57,59.53,91,24,5.95,1554944731,2019-04-11,om
173,cuamba,68.31,-14.8,36.54,95,24,3.71,1554944732,2019-04-11,mz
174,nyrob,34.65,60.74,56.73,96,92,10.42,1554944732,2019-04-11,ru
175,sidrolandia,75.2,-20.93,-54.96,73,0,9.17,1554940800,2019-04-11,br
176,tiznit,60.57,29.7,-9.73,76,0,4.16,1554944733,2019-04-11,ma
177,ardalstangen,12.0,61.24,7.7,70,8,1.99,1554944714,2019-04-11,no
178,paracuru,82.4,-3.41,-39.03,83,40,5.82,1554944290,2019-04-11,br
179,senanga,64.26,-16.1,23.3,96,88,6.96,1554944733,2019-04-11,zm
180,kawardha,66.87,22.01,81.23,75,0,1.92,1554944734,2019-04-11,in
181,front royal,62.6,38.92,-78.19,40,1,4.7,1554944617,2019-04-11,us
182,gwadar,80.28,25.12,62.33,70,32,3.71,1554944734,2019-04-11,pk
183,azare,76.77,11.67,10.19,53,0,3.71,1554944734,2019-04-11,ng
184,antalaha,76.32,-14.9,50.28,95,20,8.41,1554944734,2019-04-11,mg
185,kalmar,33.01,56.66,16.36,82,88,9.17,1554944404,2019-04-11,se
186,zverinogolovskoye,31.23,54.46,64.85,77,0,3.83,1554944734,2019-04-11,ru
187,westport,46.99,53.8,-9.52,81,44,1.01,1554944584,2019-04-11,ie
188,manta,44.46,45.1,24.1,90,20,2.93,1554944736,2019-04-11,ec
189,morros,78.8,-2.87,-44.04,94,0,4.7,1554940800,2019-04-11,br
190,ngorongoro,57.24,-3.24,35.49,95,68,2.37,1554944736,2019-04-11,tz
191,youghal,46.99,51.95,-7.85,93,75,5.82,1554944637,2019-04-11,ie
192,warrington,39.0,53.39,-2.59,69,0,8.05,1554944475,2019-04-11,us
193,havoysund,33.8,71.0,24.66,74,92,33.33,1554942000,2019-04-11,no
194,mirabad,58.23,28.27,61.33,59,48,6.73,1554944737,2019-04-11,af
195,lodja,74.43,-3.52,23.6,95,88,3.15,1554944737,2019-04-11,cd
196,anzio,51.8,41.45,12.63,76,0,4.7,1554944720,2019-04-11,it
197,makhachkala,50.0,42.98,47.5,93,90,2.24,1554942600,2019-04-11,ru
198,huallanca,47.97,-9.9,-76.94,67,80,0.58,1554944738,2019-04-11,pe
199,oum hadjer,80.91,13.3,19.7,24,0,11.54,1554944738,2019-04-11,td
200,tsaratanana,67.95,-16.8,47.65,84,0,4.38,1554944738,2019-04-11,mg
201,imeni morozova,30.99,59.98,31.04,92,90,4.47,1554944736,2019-04-11,ru
202,vila do maio,71.19,15.13,-23.22,98,8,15.57,1554944739,2019-04-11,cv
203,lubben,37.99,51.95,13.9,74,36,4.7,1554944709,2019-04-11,de
204,eenhana,77.0,-17.48,16.34,50,0,9.17,1554940800,2019-04-11,na
205,qaqortoq,44.6,60.72,-46.03,36,0,20.8,1554940200,2019-04-11,gl
206,bereda,46.0,43.27,-7.54,100,48,2.24,1554944639,2019-04-11,so
207,zhezkazgan,39.42,47.8,67.71,68,20,11.43,1554944740,2019-04-11,kz
208,aleksandrovka,52.11,46.65,38.4,95,92,2.93,1554944740,2019-04-11,ru
209,bechem,75.69,7.09,-2.02,93,36,8.19,1554944741,2019-04-11,gh
210,butembo,61.38,0.12,29.29,95,12,1.59,1554944741,2019-04-11,cd
211,chinsali,63.0,-10.55,32.07,92,44,4.16,1554944741,2019-04-11,zm
212,bulawayo,65.16,-20.16,28.59,86,92,10.2,1554944741,2019-04-11,zw
213,sakaraha,63.27,-22.91,44.53,87,0,2.71,1554944742,2019-04-11,mg
214,aksu,26.6,52.04,76.93,92,0,6.71,1554942600,2019-04-11,cn
215,yarmouth,41.0,50.71,-1.5,90,0,8.05,1554944732,2019-04-11,ca
216,abancay,44.37,-13.64,-72.88,94,48,1.81,1554944743,2019-04-11,pe
217,corinto,68.4,-18.36,-44.46,95,24,3.71,1554944743,2019-04-11,ni
218,filingue,73.17,14.35,3.32,52,0,3.04,1554944743,2019-04-11,ne
219,mazsalaca,30.0,57.87,25.05,86,24,1.01,1554944415,2019-04-11,lv
220,estrela,66.99,-29.5,-51.96,94,48,2.93,1554944728,2019-04-11,br
221,dire dawa,66.33,9.59,41.86,69,68,3.49,1554944745,2019-04-11,et
222,havelock,66.2,34.88,-76.9,42,1,6.93,1554944728,2019-04-11,us
223,moissala,79.2,8.34,17.77,70,20,9.42,1554944745,2019-04-11,td
224,walvis bay,57.0,-22.95,14.51,93,0,6.93,1554944528,2019-04-11,na
225,yelan,50.85,50.95,43.74,62,20,9.64,1554944746,2019-04-11,ru
226,djambala,75.87,-2.55,14.76,90,68,7.18,1554944746,2019-04-11,cg
227,pudozh,29.79,61.81,36.54,92,76,4.72,1554944746,2019-04-11,ru
228,hauterive,50.0,46.09,3.45,81,75,9.17,1554944525,2019-04-11,ca
229,abong mbang,72.45,3.98,13.18,95,12,3.6,1554944746,2019-04-11,cm
230,agbor,82.35,6.26,6.15,80,92,4.16,1554944746,2019-04-11,ng
231,whitehaven,80.01,35.03,-90.03,50,90,8.05,1554944727,2019-04-11,gb
232,darlowo,37.98,54.42,16.41,100,88,14.67,1554944747,2019-04-11,pl
233,sioux lookout,32.0,50.1,-91.92,45,40,5.82,1554940800,2019-04-11,ca
234,wladyslawowo,36.0,54.79,18.4,100,75,4.7,1554944439,2019-04-11,pl
235,mahibadhoo,83.88,3.78,72.97,100,0,3.04,1554944747,2019-04-11,mv
236,pteleos,55.4,39.05,22.95,58,20,13.87,1554944575,2019-04-11,gr
237,fryazino,39.99,55.95,38.06,100,90,6.71,1554944744,2019-04-11,ru
238,keetmanshoop,69.8,-26.57,18.15,30,8,6.93,1554940800,2019-04-11,na
239,aktau,46.4,43.65,51.16,100,0,6.71,1554942600,2019-04-11,kz
240,torrox,60.01,36.76,-3.95,62,0,6.93,1554944737,2019-04-11,es
241,dalvik,26.01,57.79,14.13,100,80,2.24,1554944421,2019-04-11,is
242,san lawrenz,57.2,36.06,14.2,87,0,2.24,1554944741,2019-04-11,mt
243,hell,26.6,63.45,10.9,62,0,8.05,1554944718,2019-04-11,no
244,tias,64.4,28.96,-13.65,67,0,19.46,1554942600,2019-04-11,es
245,ellisras,66.69,-23.67,27.74,78,48,8.97,1554944750,2019-04-11,za
246,jalu,57.42,29.03,21.55,51,0,2.93,1554944750,2019-04-11,ly
247,mezen,25.02,65.85,44.24,78,92,7.63,1554944750,2019-04-11,ru
248,basi,80.19,7.97,3.8,72,12,7.4,1554944750,2019-04-11,in
249,uige,67.86,-7.61,15.06,98,80,1.36,1554944751,2019-04-11,ao
250,mosquera,57.2,4.71,-74.23,82,75,3.36,1554940800,2019-04-11,co
251,barahona,79.83,18.21,-71.1,96,0,5.61,1554944661,2019-04-11,do
252,humberto de campos,79.92,-2.6,-43.46,100,8,4.61,1554944580,2019-04-11,br
253,achit,31.05,56.8,57.9,68,32,6.4,1554944751,2019-04-11,ru
254,duku,77.22,11.24,4.91,50,8,7.4,1554944752,2019-04-11,ng
255,galyugayevskaya,47.52,43.7,44.93,92,88,4.38,1554944752,2019-04-11,ru
256,miandrivazo,70.02,-19.53,45.46,85,0,3.04,1554944753,2019-04-11,mg
257,beroroha,67.59,-21.68,45.17,87,64,2.71,1554944753,2019-04-11,mg
258,adrian,41.0,41.9,-84.04,69,90,12.75,1554944732,2019-04-11,us
259,morant bay,80.6,17.88,-76.41,65,20,5.82,1554940800,2019-04-11,jm
260,bobrov,48.87,51.1,40.03,78,20,5.39,1554944754,2019-04-11,ru
261,gunjur,77.0,13.18,-16.76,50,0,11.41,1554944400,2019-04-11,gm
262,tome,37.4,38.69,141.2,86,75,6.93,1554940800,2019-04-11,cl
263,breyten,56.88,-26.3,29.99,96,64,5.17,1554944754,2019-04-11,za
264,menongue,60.03,-14.66,17.68,98,48,2.37,1554944755,2019-04-11,ao
265,barnbach,50.0,47.03,15.85,93,75,3.36,1554944724,2019-04-11,at
266,mao,80.6,19.55,-71.08,65,40,9.17,1554944714,2019-04-11,td
267,doha,77.0,25.29,51.53,69,0,6.93,1554942600,2019-04-11,kw
268,morondava,81.63,-20.3,44.28,77,0,7.18,1554944756,2019-04-11,mg
269,general pico,64.8,-35.66,-63.75,77,20,12.44,1554944756,2019-04-11,ar
270,nykoping,30.2,58.75,17.01,63,75,4.7,1554942000,2019-04-11,se
271,dir,65.88,6.33,13.54,88,8,3.83,1554944756,2019-04-11,pk
272,kreminna,52.02,49.05,38.22,81,56,6.85,1554944756,2019-04-11,ua
273,san clemente,73.99,33.43,-117.61,28,1,16.11,1554944756,2019-04-11,cl
274,bafoulabe,80.1,13.81,-10.83,33,0,7.96,1554944757,2019-04-11,ml
275,zelenoborsk,30.06,61.47,64.05,97,92,5.95,1554944757,2019-04-11,ru
276,santa vitoria,76.14,-7.82,-67.03,92,48,4.38,1554944757,2019-04-11,br
277,marsa matruh,53.6,31.35,27.25,81,0,2.93,1554940800,2019-04-11,eg
278,remanso,74.52,-9.62,-42.08,100,20,3.71,1554944758,2019-04-11,br
279,puerto carreno,89.6,6.19,-67.49,52,75,2.15,1554940800,2019-04-11,co
280,venezuela,72.09,21.74,-78.8,100,92,8.63,1554944758,2019-04-11,cu
281,lahijan,57.2,37.21,50.0,93,90,1.92,1554940800,2019-04-11,ir
282,kangaatsiaq,23.85,68.31,-53.46,93,0,9.75,1554944759,2019-04-11,gl
283,montepuez,75.33,-13.13,39.0,86,92,6.17,1554944759,2019-04-11,mz
284,shar,76.14,7.3,8.73,90,80,3.83,1554944759,2019-04-11,kz
285,tyukalinsk,28.17,55.87,72.2,68,0,5.5,1554944759,2019-04-11,ru
286,basoko,75.69,1.23,23.61,93,92,3.83,1554944760,2019-04-11,cd
287,gravdal,39.0,59.79,5.78,80,0,3.36,1554944733,2019-04-11,no
288,dalen,37.0,52.7,6.76,80,8,6.93,1554944732,2019-04-11,no
289,parana,78.8,-7.52,-72.89,88,0,3.27,1554940800,2019-04-11,br
290,udayagiri,63.63,12.32,76.68,95,0,2.15,1554944760,2019-04-11,in
291,barsovo,23.0,61.17,73.17,92,90,8.95,1554942600,2019-04-11,ru
292,sangin,59.49,32.07,64.85,90,56,5.73,1554944761,2019-04-11,af
293,nizhniy ufaley,24.75,55.91,59.99,76,0,3.49,1554944761,2019-04-11,ru
294,aguai,53.01,46.3,11.4,92,90,6.93,1554944710,2019-04-11,br
295,kalyazin,26.73,57.24,37.84,75,8,2.93,1554944761,2019-04-11,ru
296,nicoya,86.0,10.15,-85.45,62,40,6.93,1554944455,2019-04-11,cr
297,kapuskasing,19.4,49.42,-82.43,67,90,13.87,1554943800,2019-04-11,ca
298,alekseyevka,44.6,53.25,50.49,75,0,2.24,1554942600,2019-04-11,ru
299,dabhol,75.69,17.6,73.17,100,0,5.95,1554944762,2019-04-11,in
300,campbellton,31.23,48.0,-66.68,77,80,6.85,1554944762,2019-04-11,ca
301,farafangana,79.56,-22.82,47.83,100,92,4.72,1554944763,2019-04-11,mg
302,kralendijk,78.8,12.15,-68.27,78,0,18.34,1554940500,2019-04-11,an
303,shubarkuduk,42.75,49.15,56.49,72,0,11.1,1554944763,2019-04-11,kz
304,nouakchott,69.8,18.08,-15.98,73,0,16.11,1554942600,2019-04-11,mr
305,landau,36.0,51.34,9.08,74,20,3.36,1554944671,2019-04-11,de
306,olinda,84.0,-2.03,-79.75,78,75,8.05,1554944718,2019-04-11,br
307,sucua,70.74,-2.46,-78.17,80,0,2.93,1554944764,2019-04-11,ec
308,idukki,73.35,9.85,76.97,95,12,2.04,1554944765,2019-04-11,in
309,catanduva,75.2,-21.13,-48.97,69,0,10.29,1554940800,2019-04-11,br
310,pishin,46.53,30.58,67.0,92,20,2.59,1554944765,2019-04-11,pk
311,natal,80.6,-5.81,-35.21,78,20,5.82,1554940800,2019-04-11,br
312,storsteinnes,26.6,69.24,19.23,84,20,10.29,1554944512,2019-04-11,no
313,mahon,46.99,51.89,-8.4,93,75,5.82,1554944637,2019-04-11,es
314,santa rita,77.4,10.21,-67.56,69,8,3.6,1554944480,2019-04-11,br
315,amapa,82.4,15.09,-87.97,69,20,10.29,1554944758,2019-04-11,br
316,praia da vitoria,64.4,38.73,-27.07,88,75,11.77,1554944477,2019-04-11,pt
317,eyl,79.65,7.98,49.82,100,88,6.17,1554944528,2019-04-11,so
318,hamilton,41.0,43.26,-79.87,56,75,3.36,1554944706,2019-04-11,bm
319,honningsvag,33.75,70.98,25.97,98,92,20.38,1554944769,2019-04-11,no
320,marathon,31.23,48.72,-86.38,65,0,14.23,1554944769,2019-04-11,us
321,ust-tsilma,19.89,65.44,52.15,79,88,7.4,1554944770,2019-04-11,ru
322,conde,81.09,-11.81,-37.61,88,8,8.86,1554944770,2019-04-11,br
323,sal rei,69.8,16.18,-22.92,73,40,13.87,1554940800,2019-04-11,cv
324,muli,75.87,22.62,71.45,76,20,10.65,1554944771,2019-04-11,mv
325,esperantinopolis,79.11,-4.87,-44.71,85,36,3.38,1554944771,2019-04-11,br
326,venado tuerto,68.13,-33.75,-61.97,77,0,12.44,1554944771,2019-04-11,ar
327,copiapo,59.0,-27.37,-70.33,77,90,8.05,1554940800,2019-04-11,cl
328,meridian,80.6,32.36,-88.7,44,1,3.36,1554940680,2019-04-11,us
329,werda,33.8,50.44,12.3,64,0,4.7,1554944768,2019-04-11,bw
330,fredericton,33.8,45.97,-66.65,61,90,3.36,1554944521,2019-04-11,ca
331,am timan,79.92,11.04,20.28,43,12,9.42,1554944773,2019-04-11,td
332,shieli,49.77,44.18,66.74,91,24,2.93,1554944773,2019-04-11,kz
333,waterlooville,39.99,50.88,-1.03,74,0,5.82,1554944747,2019-04-11,gb
334,colquechaca,46.17,-18.7,-66.0,57,0,1.7,1554944773,2019-04-11,bo
335,voghera,55.4,44.99,9.01,87,75,4.7,1554944767,2019-04-11,it
336,dzheguta,39.33,43.97,42.04,93,56,2.04,1554944774,2019-04-11,ru
337,talcahuano,59.0,-36.72,-73.12,82,0,11.41,1554940800,2019-04-11,cl
338,tshikapa,69.93,-6.42,20.79,100,88,0.81,1554944775,2019-04-11,cd
339,entre rios,81.09,-11.94,-38.08,88,8,8.86,1554944678,2019-04-11,br
340,maraa,78.39,-1.83,-65.37,87,20,5.28,1554944775,2019-04-11,br
341,coari,78.57,-4.09,-63.14,86,68,6.29,1554944776,2019-04-11,br
342,bhadasar,68.67,28.3,74.31,70,12,2.82,1554944776,2019-04-11,in
343,guadalajara,48.0,40.63,-3.16,80,0,4.7,1554944724,2019-04-11,es
344,tetovo,52.0,43.82,26.29,83,44,1.01,1554944426,2019-04-11,mk
345,huarmey,69.3,-10.07,-78.15,73,36,3.94,1554944776,2019-04-11,pe
346,la seyne-sur-mer,51.01,43.1,5.88,87,0,2.93,1554944748,2019-04-11,fr
347,porto velho,75.2,-8.75,-63.87,88,75,3.36,1554944400,2019-04-11,br
348,tyubuk,35.01,56.05,60.94,69,0,3.15,1554944704,2019-04-11,ru
349,tingo maria,69.84,-9.29,-76.01,78,80,0.81,1554944777,2019-04-11,pe
350,shchigry,45.0,51.87,36.91,85,0,1.99,1554944510,2019-04-11,ru
351,tazmalt,55.99,36.39,4.4,87,20,3.36,1554944464,2019-04-11,dz
352,san luis,62.37,-33.3,-66.34,37,0,6.85,1554944645,2019-04-11,ar
353,shubarshi,42.3,48.59,57.19,73,0,11.32,1554944736,2019-04-11,kz
354,goure,75.15,13.98,10.27,47,0,2.82,1554944778,2019-04-11,ne
355,athy,41.0,52.99,-6.98,93,40,2.24,1554944720,2019-04-11,ie
356,male,50.4,50.74,33.7,75,56,7.63,1554944779,2019-04-11,mv
357,addanki,71.73,15.81,79.97,77,0,2.71,1554944779,2019-04-11,in
358,kisiwani,67.59,-4.13,37.95,97,80,1.59,1554944779,2019-04-11,tz
359,lakselv,35.6,70.05,24.96,55,36,38.03,1554942000,2019-04-11,no
360,kosh-agach,13.23,49.99,88.66,89,64,3.04,1554944780,2019-04-11,ru
361,oskarshamn,33.01,57.26,16.44,70,92,9.17,1554944404,2019-04-11,se
362,iskateley,9.99,67.68,53.15,82,44,3.71,1554944780,2019-04-11,ru
363,thyboron,34.0,56.7,8.21,82,36,9.98,1554944705,2019-04-11,dk
364,malpe,82.4,13.35,74.72,83,75,2.59,1554942600,2019-04-11,in
365,parintins,78.39,-2.63,-56.73,84,44,3.27,1554944781,2019-04-11,br
366,kabare,58.95,-1.65,29.38,100,88,2.26,1554944781,2019-04-11,cd
367,wisconsin rapids,32.0,44.39,-89.82,80,90,11.41,1554944765,2019-04-11,us
368,pipri,70.38,24.21,83.02,71,0,2.59,1554944782,2019-04-11,in
369,gori,45.63,41.99,44.11,97,88,2.04,1554944782,2019-04-11,ge
370,oyo,78.39,7.84,3.93,76,8,8.3,1554944782,2019-04-11,ng
371,upata,86.04,8.02,-62.41,37,64,10.2,1554944782,2019-04-11,ve
372,polyarnyy,24.8,69.2,33.45,73,75,2.24,1554942600,2019-04-11,ru
373,kanashevo,46.4,55.21,62.07,49,0,6.71,1554944704,2019-04-11,ru
374,baherden,53.46,38.44,57.43,93,12,2.15,1554944783,2019-04-11,tm
375,kilkis,57.0,40.99,22.87,93,20,3.36,1554944772,2019-04-11,gr
376,betlitsa,31.59,54.01,33.96,76,0,4.38,1554944783,2019-04-11,ru
377,manica,66.2,-18.94,32.88,100,20,4.7,1554940800,2019-04-11,mz
378,ouallam,75.87,14.32,2.08,15,0,8.63,1554944784,2019-04-11,ne
379,oloron-sainte-marie,57.0,43.19,-0.61,100,75,4.7,1554944629,2019-04-11,fr
380,luba,79.02,17.32,120.7,84,0,3.71,1554944784,2019-04-11,gq
381,kidal,59.4,18.44,1.41,26,0,3.71,1554944784,2019-04-11,ml
382,titesti,42.93,45.02,25.0,87,8,1.92,1554944784,2019-04-11,ro
383,abu zabad,70.29,12.35,29.25,64,12,3.04,1554944785,2019-04-11,sd
384,lyuban,34.92,52.8,28.0,77,32,5.17,1554944785,2019-04-11,by
385,bonthe,80.46,7.53,-12.5,89,0,5.17,1554944785,2019-04-11,sl
386,ancona,48.0,41.04,-88.87,93,1,20.8,1554944753,2019-04-11,it
387,jadu,51.84,31.95,12.03,52,0,2.59,1554944786,2019-04-11,ly
388,oksfjord,33.8,70.24,22.35,74,44,33.33,1554942000,2019-04-11,no
389,korablino,46.99,53.92,40.02,97,68,1.81,1554944720,2019-04-11,ru
390,pospelikha,30.6,51.99,81.83,58,0,10.2,1554944786,2019-04-11,ru
391,viedma,54.63,-40.81,-62.99,84,0,6.96,1554944787,2019-04-11,ar
392,oneonta,34.0,42.45,-75.06,69,0,5.84,1554944782,2019-04-11,us
393,calvia,57.0,39.57,2.51,62,20,2.37,1554944531,2019-04-11,es
394,thyolo,70.47,-16.07,35.15,79,0,4.72,1554944787,2019-04-11,mw
395,aguas belas,70.92,-9.11,-37.12,89,44,3.27,1554944788,2019-04-11,br
396,salamiyah,47.52,35.01,37.05,84,20,6.85,1554944788,2019-04-11,sy
397,pelym,33.12,61.01,62.0,96,80,3.83,1554944788,2019-04-11,ru
398,correntina,69.21,-13.34,-44.63,95,80,2.04,1554944788,2019-04-11,br
399,lima,69.8,-12.06,-77.04,83,0,6.93,1554944405,2019-04-11,us
400,ozinki,45.99,51.2,49.73,67,0,8.75,1554944789,2019-04-11,ru
401,syamzha,31.23,60.02,41.06,96,80,9.86,1554944789,2019-04-11,ru
402,nisia floresta,80.6,-6.09,-35.21,78,20,5.82,1554940800,2019-04-11,br
403,misratah,60.39,32.38,15.09,85,20,7.74,1554944619,2019-04-11,ly
404,chabahar,79.56,25.29,60.65,90,8,8.3,1554944789,2019-04-11,ir
405,mahajanga,78.8,-15.72,46.32,88,20,2.24,1554940800,2019-04-11,mg
406,matay,55.26,28.42,30.79,55,0,7.96,1554944790,2019-04-11,eg
407,avare,67.5,-23.1,-48.93,77,0,13.33,1554944790,2019-04-11,br
408,turayf,51.8,31.68,38.65,76,0,11.41,1554940800,2019-04-11,sa
409,adre,69.3,13.47,22.2,42,0,3.83,1554944791,2019-04-11,td
410,vedeno,48.2,42.97,46.1,100,90,4.47,1554942600,2019-04-11,ru
411,casablanca,59.0,33.6,-7.62,100,20,6.93,1554944527,2019-04-11,ma
412,alexandria,75.99,31.31,-92.44,60,1,9.17,1554944590,2019-04-11,eg
413,subtanjalla,69.8,-14.02,-75.76,73,0,16.11,1554940800,2019-04-11,pe
414,bastia,55.4,44.6,8.98,66,0,5.82,1554944767,2019-04-11,fr
415,mariestad,28.4,58.71,13.82,92,24,1.12,1554944644,2019-04-11,se
416,boromo,73.35,11.74,-2.93,47,0,3.38,1554944793,2019-04-11,bf
417,nordfjordeid,37.4,61.91,5.99,100,0,6.93,1554944534,2019-04-11,no
418,zile,52.0,40.3,35.89,66,40,6.93,1554942000,2019-04-11,tr
419,wadi musa,44.37,30.32,35.48,74,0,2.04,1554944793,2019-04-11,jo
420,hualmay,67.95,-11.1,-77.61,87,12,5.06,1554944793,2019-04-11,pe
421,hargeysa,64.89,9.56,44.06,75,24,6.29,1554944679,2019-04-11,so
422,sangmelima,70.29,2.93,11.98,92,36,2.04,1554944794,2019-04-11,cm
423,dwarka,77.0,28.58,77.04,53,20,3.71,1554942600,2019-04-11,in
424,akhtanizovskaya,44.6,45.32,37.1,100,48,6.71,1554942600,2019-04-11,ru
425,kulu,76.95,3.47,23.69,91,68,2.04,1554944794,2019-04-11,tr
426,goya,74.61,-29.14,-59.27,66,8,4.05,1554944794,2019-04-11,ar
427,coroata,74.07,-6.39,-44.31,95,88,1.92,1554944794,2019-04-11,br
428,lagunas,76.59,-5.23,-75.68,88,44,1.48,1554944795,2019-04-11,pe
429,north myrtle beach,66.2,33.83,-78.68,59,1,15.12,1554944621,2019-04-11,us
430,taoudenni,62.73,22.68,-3.98,25,0,10.65,1554944794,2019-04-11,ml
431,sovetskaya,52.0,44.78,41.17,8,92,11.01,1554944463,2019-04-11,ru
432,sabzevar,46.53,36.21,57.68,90,0,3.6,1554944795,2019-04-11,ir
433,baghdad,68.0,33.3,44.38,68,0,8.05,1554940800,2019-04-11,iq
434,caernarfon,41.0,53.14,-4.27,86,0,2.24,1554944764,2019-04-11,gb
435,syasstroy,32.67,60.14,32.56,98,88,4.72,1554944796,2019-04-11,ru
436,abidjan,82.4,5.32,-4.02,88,20,3.36,1554942600,2019-04-11,ci
437,taltal,59.04,-25.41,-70.49,96,0,2.15,1554944796,2019-04-11,cl
438,japura,73.62,-0.42,102.29,95,44,2.37,1554944796,2019-04-11,br
439,carmen,78.75,7.2,124.8,100,8,3.15,1554944797,2019-04-11,cr
440,damghan,47.07,36.17,54.34,83,0,3.15,1554944797,2019-04-11,ir
441,karla,28.99,59.37,24.93,79,40,6.93,1554944586,2019-04-11,ee
442,vallenar,57.69,-28.58,-70.76,91,0,1.03,1554944797,2019-04-11,cl
443,aquiraz,82.4,-3.9,-38.39,83,40,5.82,1554944290,2019-04-11,br
444,lichinga,61.02,-13.3,35.25,96,44,2.93,1554944798,2019-04-11,mz
445,buchanan,78.8,5.88,-10.05,94,20,6.62,1554940800,2019-04-11,lr
446,bonito,75.96,-21.13,-56.49,70,12,6.06,1554944798,2019-04-11,br
447,ila,30.99,63.43,10.37,62,0,8.05,1554944718,2019-04-11,ng
448,bondo,76.95,3.81,23.69,91,68,2.04,1554944799,2019-04-11,cd
449,harstad,28.4,68.8,16.53,78,0,4.7,1554944661,2019-04-11,no
450,la plata,75.2,-34.92,-57.95,78,75,8.05,1554944592,2019-04-11,us
451,cuenca,43.0,40.07,-2.13,70,0,7.96,1554944596,2019-04-11,ec
452,segezha,25.47,63.74,34.31,79,88,11.54,1554944800,2019-04-11,ru
453,sainte-maxime,51.8,43.31,6.64,100,48,2.24,1554944797,2019-04-11,fr
454,madimba,77.0,4.42,9.93,94,40,2.93,1554940800,2019-04-11,tz
455,sayyan,47.25,15.17,44.32,82,8,2.59,1554944801,2019-04-11,ye
456,goiatuba,68.67,-18.02,-49.36,89,0,2.15,1554944801,2019-04-11,br
457,paita,77.31,-5.09,-81.11,57,0,8.63,1554944802,2019-04-11,pe
458,ayia marina,60.8,37.75,23.53,71,20,3.36,1554944765,2019-04-11,gr
459,binga,68.22,-17.62,27.34,100,68,1.92,1554944802,2019-04-11,cd
460,narnaul,66.87,28.04,76.11,73,8,2.71,1554944802,2019-04-11,in
461,tucuman,57.15,-17.17,-70.89,77,12,0.36,1554944802,2019-04-11,ar
462,derzhavinsk,39.15,51.1,66.31,72,32,9.98,1554944803,2019-04-11,kz
463,leca da palmeira,54.0,41.19,-8.7,93,20,12.77,1554944764,2019-04-11,pt
464,loandjili,80.6,-4.77,11.87,100,75,2.24,1554940800,2019-04-11,cg
465,eganville,33.8,45.54,-77.1,50,75,10.29,1554944481,2019-04-11,ca
466,bucarasica,86.0,8.04,-72.87,62,75,2.24,1554940800,2019-04-11,co
467,eydhafushi,84.87,5.1,73.07,100,0,3.04,1554944804,2019-04-11,mv
468,troitskiy,55.0,45.15,38.14,100,76,6.71,1554944725,2019-04-11,ru
469,kourou,78.8,5.16,-52.64,88,90,3.36,1554942600,2019-04-11,gf
470,apomu,84.2,6.85,3.21,89,40,2.24,1554940800,2019-04-11,ng
471,thunder bay,35.6,48.41,-89.26,51,75,5.82,1554944492,2019-04-11,ca
472,naruja,53.6,41.91,41.96,81,40,4.7,1554942600,2019-04-11,ge
473,djenne,75.51,13.91,-4.55,35,0,7.96,1554944806,2019-04-11,ml
474,meybod,62.6,32.25,54.02,45,75,2.24,1554940800,2019-04-11,ir
475,colborne,39.2,44.01,-77.89,60,75,9.17,1554944788,2019-04-11,ca
476,bom jesus,71.91,-9.08,-44.36,96,76,3.6,1554944807,2019-04-11,br
477,talavera de la reina,35.37,39.96,-4.83,85,0,3.71,1554944807,2019-04-11,es
478,gwanda,67.5,-20.94,29.0,87,92,10.76,1554944808,2019-04-11,zw
479,itacarambi,70.47,-15.1,-44.09,97,56,4.72,1554944808,2019-04-11,br
480,sitrah,77.0,26.15,50.62,69,0,6.93,1554942600,2019-04-11,bh
481,garh maharaja,72.09,30.83,71.9,63,32,5.73,1554944808,2019-04-11,pk
482,kardla,30.2,58.44,26.57,86,90,5.82,1554944415,2019-04-11,ee
483,lisakovsk,30.69,52.55,62.49,72,0,3.15,1554944808,2019-04-11,kz
484,chudniv,48.42,50.05,28.12,90,12,11.65,1554944809,2019-04-11,ua
485,hit,57.87,33.64,42.83,92,0,7.63,1554944809,2019-04-11,iq
486,lauria,43.29,40.05,15.84,100,88,2.15,1554944809,2019-04-11,it
487,atbasar,36.63,51.81,68.36,77,8,8.52,1554944809,2019-04-11,kz
488,penzance,51.01,50.12,-5.53,87,8,4.7,1554944520,2019-04-11,gb
489,carnarvon,56.79,-30.97,22.13,62,0,10.31,1554944810,2019-04-11,za
490,blytheville,80.6,35.93,-89.92,56,1,6.93,1554944618,2019-04-11,us
491,senneterre,28.4,48.39,-77.24,58,75,13.87,1554940800,2019-04-11,ca
492,sao miguel do araguaia,78.12,-13.28,-50.16,87,12,1.36,1554944514,2019-04-11,br
493,gofitskoye,51.66,44.26,40.97,97,88,2.37,1554944810,2019-04-11,ru
494,gamba,-3.69,28.28,88.52,49,0,2.59,1554944811,2019-04-11,ga
495,potosi,39.87,-19.59,-65.75,39,20,2.48,1554944692,2019-04-11,bo
496,vestmanna,39.2,62.16,-7.17,100,32,17.22,1554942000,2019-04-11,fo
497,castanheira do ribatejo,54.0,38.99,-8.97,87,20,5.82,1554944736,2019-04-11,pt
498,ondjiva,67.68,-17.07,15.73,84,0,7.52,1554944812,2019-04-11,ao
499,suratgarh,74.07,29.32,73.9,50,8,2.93,1554944812,2019-04-11,in
500,shelburne,36.0,44.08,-80.2,48,1,5.82,1554944717,2019-04-11,ca
501,exeter,42.01,50.73,-3.53,93,0,4.7,1554944776,2019-04-11,us
502,salym,32.4,60.06,71.48,99,92,2.48,1554944812,2019-04-11,ru
503,amos,28.4,48.57,-78.12,58,75,13.87,1554940860,2019-04-11,ca
504,yurga,13.5,55.71,84.93,69,32,2.82,1554944813,2019-04-11,ru
505,henties bay,57.0,-22.12,14.28,94,8,1.01,1554944528,2019-04-11,na
506,mandapam,85.14,9.28,79.12,100,24,9.19,1554944813,2019-04-11,in
507,zaria,80.55,11.11,7.72,56,0,9.19,1554944813,2019-04-11,ng
508,paralimni,55.0,40.99,23.67,95,88,1.01,1554944771,2019-04-11,cy
509,belokurikha,27.45,52.0,84.99,72,8,6.4,1554944814,2019-04-11,ru
510,marystown,35.1,47.17,-55.16,91,88,10.98,1554944599,2019-04-11,ca
511,taguatinga,68.0,-15.83,-48.06,100,75,5.82,1554942000,2019-04-11,br
512,andros,57.99,37.83,24.93,87,0,8.05,1554944412,2019-04-11,gr
513,puerto madryn,56.52,-42.77,-65.04,93,0,8.3,1554944815,2019-04-11,ar
514,mugumu,59.22,-1.84,34.67,94,36,2.59,1554944815,2019-04-11,tz
515,itupiranga,80.6,-5.13,-49.33,94,75,3.36,1554940800,2019-04-11,br
516,novoagansk,7.83,61.94,76.66,90,0,3.38,1554944815,2019-04-11,ru
517,orange walk,80.6,17.93,-76.27,65,20,5.82,1554940800,2019-04-11,bz
518,mookane,62.37,-23.68,26.66,92,68,8.63,1554944816,2019-04-11,bw
519,rojhan,70.65,28.69,69.95,68,12,3.6,1554944816,2019-04-11,pk
520,kiruna,17.6,67.86,20.23,67,0,5.82,1554942000,2019-04-11,se
521,kulhudhuffushi,84.6,6.62,73.07,100,0,2.71,1554944817,2019-04-11,mv
522,utinga,80.6,-5.82,-35.4,88,20,4.7,1554940800,2019-04-11,br
523,millville,59.0,39.4,-75.04,44,1,9.17,1554944560,2019-04-11,us
524,matara,46.98,-13.74,-72.9,91,36,0.92,1554944818,2019-04-11,lk
525,fomboni,83.43,-12.28,43.74,100,0,5.39,1554944818,2019-04-11,km
526,barcelos,53.6,41.53,-8.62,93,20,1.92,1554944617,2019-04-11,br
527,conakry,80.6,9.52,-13.7,83,0,9.42,1554940800,2019-04-11,gn
528,herat,49.95,34.35,62.22,93,44,2.71,1554944818,2019-04-11,af
529,anloga,84.2,5.79,0.9,83,20,8.05,1554940800,2019-04-11,gh
530,fasa,50.0,28.94,53.65,100,0,2.15,1554940800,2019-04-11,ir
531,kologriv,35.01,58.83,44.31,94,32,6.17,1554944819,2019-04-11,ru
532,batouri,74.43,4.44,14.36,90,64,3.04,1554944819,2019-04-11,cm
533,arkhangelsk,26.6,64.54,40.54,92,90,8.95,1554942600,2019-04-11,ru
534,kaura namoda,82.35,12.59,6.58,50,0,7.74,1554944820,2019-04-11,ng
535,pushkinskiye gory,24.84,57.02,28.91,92,0,3.94,1554944820,2019-04-11,ru
536,maldonado,64.4,-34.91,-54.96,93,56,3.36,1554940800,2019-04-11,uy
537,verkhovyna,44.46,48.15,24.83,97,68,2.37,1554944820,2019-04-11,ua
538,ferme-neuve,29.25,46.7,-75.45,63,32,7.52,1554944820,2019-04-11,ca
539,igarka,5.67,67.47,86.57,82,44,13.67,1554944821,2019-04-11,ru
540,lujan,50.85,-46.57,-67.67,56,0,11.21,1554944821,2019-04-11,ar
541,turukhansk,5.67,65.8,87.96,82,56,12.77,1554944821,2019-04-11,ru
542,puerto maldonado,81.54,-12.59,-69.19,74,0,1.36,1554944821,2019-04-11,pe
543,charlottetown,32.0,46.23,-63.13,74,75,3.36,1554944775,2019-04-11,ca
544,maicao,83.43,11.38,-72.24,67,8,11.88,1554944821,2019-04-11,co
545,aguada de pasajeros,71.6,22.38,-80.85,100,20,3.36,1554940740,2019-04-11,cu
546,baie-comeau,35.6,49.22,-68.15,69,1,6.93,1554944667,2019-04-11,ca
547,polessk,35.6,54.86,21.11,72,75,6.71,1554942600,2019-04-11,ru
548,cochrane,37.53,-47.25,-72.57,89,0,1.92,1554944602,2019-04-11,ca
549,vyshestebliyevskaya,44.6,45.2,37.0,100,44,6.71,1554942600,2019-04-11,ru
550,florence,78.01,34.8,-87.68,49,1,7.07,1554944658,2019-04-11,us
551,puerto ayora,80.6,-0.74,-90.35,78,75,12.75,1554944423,2019-04-11,ec
552,venice,75.0,27.1,-82.45,78,1,8.05,1554944720,2019-04-11,us
553,urdoma,39.15,61.74,48.55,96,92,6.96,1554944823,2019-04-11,ru
554,ust-kan,14.13,50.93,84.77,72,12,1.92,1554944823,2019-04-11,ru
555,leshukonskoye,29.97,64.9,45.76,86,92,8.3,1554944824,2019-04-11,ru
556,kang,59.94,-23.67,22.79,92,64,8.75,1554944824,2019-04-11,bw
557,hirtshals,35.46,57.59,9.96,100,64,9.42,1554944824,2019-04-11,dk
558,jaleswar,76.23,21.8,87.22,91,0,6.73,1554944825,2019-04-11,in
559,kautokeino,4.23,69.01,23.04,67,12,2.59,1554944825,2019-04-11,no
560,oranjestad,78.8,12.52,-70.03,78,20,18.34,1554940800,2019-04-11,aw
561,bosaso,80.19,11.28,49.18,100,0,6.96,1554944825,2019-04-11,so
562,pauri,66.2,30.15,78.78,77,0,3.36,1554942600,2019-04-11,in
563,shahr-e babak,45.27,30.12,55.12,68,0,3.71,1554944826,2019-04-11,ir
564,agra,72.63,27.18,78.01,58,0,3.15,1554944826,2019-04-11,in
565,anuradhapura,75.96,8.34,80.41,95,92,2.93,1554944826,2019-04-11,lk
566,peniche,53.6,39.36,-9.38,87,20,5.82,1554944736,2019-04-11,pt
567,gazli,58.59,40.13,63.45,77,24,2.71,1554944827,2019-04-11,uz
